age,study_hours,attendance,previous_grade,hours_sleep,extracurricular_hours,gender,parent_education,has_internet,study_method,transport,final_grade,performance_category
21,22.8353566809573,64.98567976666065,54.048975317232205,7.582363971678016,4.746311002568576,Female,Some College,Yes,Self-study,Bus,51.1117700915758,Below Average
18,4.9574992923795485,83.17830040773491,58.89929623265843,5.955370310616095,2.9831651834372037,Female,High School,Yes,Group,Bus,58.68591109478633,Below Average
19,27.731136015779335,100.0,78.38111128917762,8.265121464094,7.348511494213676,Female,Bachelor,Yes,Self-study,Bus,78.41444546264262,Good
21,15.912444261704302,43.239936567969664,52.15082419951451,7.742819429686168,0.6806773606697469,Male,Bachelor,Yes,Self-study,Bus,36.21805802175245,Poor
17,29.68318906509311,98.0461066034262,81.01366434554468,7.058298343072845,0.0,Female,Bachelor,Yes,Group,Bike,74.19632673035318,Good
19,18.790112276062167,100.0,49.71753330062913,7.231473747450379,9.830514588135818,Male,High School,Yes,Group,Bike,49.50193292101046,Poor
19,17.00382752727624,64.62478421070772,80.0047060515724,10.062618865844279,2.5880828035790664,Female,Some College,Yes,Tutor,Bus,57.74335992461514,Below Average
21,9.670271094910536,77.9584162988568,46.75703095632232,8.413468315401802,7.238264358619053,Male,Bachelor,Yes,Group,Bus,34.175534004763676,Poor
16,13.875925073541291,69.98924263084983,60.732809811150766,10.299289946742,1.7436317693113519,Male,Bachelor,Yes,Group,Car,41.079451043868715,Poor
17,23.378510093312517,100.0,98.44741574694342,7.7980452899386785,7.125263128683747,Female,Bachelor,Yes,Group,Bus,79.62398882735815,Good
21,9.536685602644999,100.0,95.62819554650329,4.792462835993968,10.05063949633535,Male,Some College,Yes,Tutor,Car,37.1642292747822,Poor
17,4.075203603381089,100.0,63.81213021224282,6.606739445704239,3.4186358437546507,Male,Master,Yes,Tutor,Car,70.44760092185564,Good
17,13.139608914711195,86.80970838992192,75.84940879044852,4.449692688177901,0.0,Female,Some College,Yes,Tutor,Walk,61.14956407108726,Average
19,26.72004301297943,100.0,88.06102028327327,7.792454552000377,10.066381739929716,Female,Bachelor,Yes,Group,Walk,56.78580163617677,Below Average
18,34.250328616210936,84.87645149406883,80.21944261630706,8.118106296018103,7.778732964574674,Female,Bachelor,No,Self-study,Car,96.69646227044336,Excellent
17,14.580674658281946,100.0,65.89803630317763,5.6711260060610815,3.5792862986860756,Male,Bachelor,Yes,Self-study,Car,85.18463246819215,Excellent
20,7.609370561407264,82.7695536383167,58.770470289455005,6.01654543052972,4.3461438401940615,Male,Some College,Yes,Self-study,Bus,46.53252567520479,Poor
19,17.254967487167214,74.81137124929842,83.02154714436894,7.223126344352822,1.6680434112509432,Male,Some College,Yes,Online,Car,46.98910430821404,Poor
16,21.470844115276467,100.0,86.96054962921752,5.2028439051036734,9.26077079732588,Female,Master,Yes,Group,Car,86.10374078995403,Excellent
18,24.623177080790676,84.68726859002295,95.73552751591582,5.0902603461362,3.395853176568065,Male,Some College,No,Tutor,Bus,61.829101164326055,Average
20,37.07712998405926,71.51800137636303,,8.857948072061681,0.7438743873575795,Male,High School,Yes,Self-study,Bus,62.003885798177315,Average
20,21.814790575846292,71.35549153765041,51.203128176984215,7.172065927245953,5.640937644537415,Male,Some College,Yes,Tutor,Bus,65.70623520973442,Average
16,33.24369300303137,71.40131990471438,87.4288540322062,6.162835963441066,2.41995991526438,Male,Master,Yes,Self-study,Bike,63.66294453557548,Average
18,16.296596623490814,97.66663526544053,46.72704179874735,4.4618216671641715,1.9099562724106758,Male,High School,Yes,Self-study,Bus,50.685977269151586,Below Average
19,20.692526516180436,83.51705684432176,88.57824932367899,8.278527035341709,3.7097023887141636,Male,PhD,Yes,Self-study,Bus,51.2159567794969,Below Average
15,15.256938140317162,100.0,66.77601241021912,5.973222681674546,5.259065946501112,Male,Bachelor,Yes,Group,Bus,53.811152950166644,Below Average
18,14.559965327056457,100.0,62.18629270994973,9.791026668805808,0.8566707322557592,Female,PhD,No,Group,Car,57.153063532462525,Below Average
16,17.892753241061815,88.85707195140957,73.08142894407204,8.288965146540168,9.155446775636971,Female,Master,Yes,Tutor,Bus,51.108621771796315,Below Average
20,17.754760997273436,100.0,49.81947321646752,5.787787218389097,7.031479136197363,Female,Bachelor,Yes,Self-study,Bike,47.47628864298672,Poor
19,15.168192644018015,77.56738995295774,82.36022245897527,5.926792454302793,3.9039110276818065,Male,High School,Yes,Group,Walk,56.07013945629298,Below Average
18,15.605976741085584,57.17821293761041,95.34455496542046,9.582776744416497,2.289969541109006,Male,High School,Yes,Group,Car,36.21955151986721,Poor
15,28.77437003553123,,83.05864323721362,6.873610829748243,4.732323641250007,Female,Some College,No,Self-study,Car,54.22576759887703,Below Average
15,36.90489725566562,87.20811744054404,66.3023696116879,6.230033157514946,7.698305122267166,Male,Bachelor,No,Tutor,Bus,90.05263430293309,Excellent
17,16.012747018348435,81.6618779174329,46.92946438351839,7.041582532714855,7.233752081599038,Female,Some College,Yes,Tutor,Bus,49.52227947627044,Poor
17,17.404836419460803,97.36623082386191,47.50618815695601,6.223131024919315,8.175512901353533,Male,Some College,Yes,Tutor,Walk,53.7204736196306,Below Average
21,24.19687200504407,83.13079327984796,50.05535046641038,7.3615727156622475,3.558867527059034,Male,Some College,Yes,Tutor,Bus,53.88305062836257,Below Average
16,45.49626670458375,96.22052088942587,69.81582584331524,6.8862645677226055,0.0,Female,Master,No,Tutor,Bus,72.52411145013325,Good
18,20.673308168063368,100.0,71.70100094908908,8.313261970767263,8.74343359374874,Female,High School,Yes,Self-study,Car,73.79230889488676,Good
18,27.78106293519033,83.08456224083842,83.02665266111494,6.41713884514131,4.498411570782944,Female,High School,Yes,Tutor,Bus,70.84481998704261,Good
21,32.35579870966234,93.32717933066682,43.059565202753866,5.672775449965529,6.998498196414986,Female,High School,No,Self-study,Bike,60.34252390808179,Average
20,22.752545051216178,58.67819739137149,89.668153455886,6.476522955064621,10.007686263920906,Female,Master,No,Self-study,Bus,57.45118830245323,Below Average
20,27.40986034308027,83.14159031889162,80.41609478418057,6.467374152663931,12.303225899713045,Male,Bachelor,Yes,Self-study,Walk,82.14043484866217,Excellent
21,24.862708322678436,66.52062811380968,65.09745560406797,6.8836992772090095,3.050535565577538,Male,Some College,Yes,Tutor,Car,40.051940850990675,Poor
20,28.26010234262305,87.17840165694021,52.1535768740185,7.951810432085837,5.401879721496933,Male,High School,No,Tutor,Walk,62.29192566612571,Average
17,11.724781148114523,88.53999635015997,88.73710962536678,7.8698634512078804,9.100509381816337,Female,Some College,Yes,Self-study,Bus,63.80522915608379,Average
18,21.63426353601063,88.49014536870692,65.49859058143925,8.799488013787853,2.4671629444310126,Female,High School,No,Tutor,Car,53.4269793978872,Below Average
21,23.849741827425014,77.7981611530556,69.69971650983356,5.7827654833997135,3.253665218628716,Female,Master,Yes,Online,Walk,56.88367455490621,Below Average
18,23.736457381831105,100.0,75.75417956181897,7.583080184576663,3.235884264623375,Female,Master,Yes,Self-study,Car,58.213121352902526,Below Average
15,29.096139349067663,65.97967732535398,56.30201641327583,8.090979770531073,4.915729059775933,Female,Bachelor,Yes,Self-study,Bus,64.0840284687142,Average
17,23.57512115819254,65.06281259257726,65.76729131462126,5.988669390532204,4.33962895913009,Female,Master,Yes,Tutor,Car,40.59568048557772,Poor
19,10.840411839428787,100.0,82.9797535303057,6.688553420526431,3.218614033231027,Male,Some College,Yes,Self-study,Walk,70.90663596763987,Good
17,24.730528935423855,74.4358130411516,81.46144117744412,4.375033188671805,2.1027277531812225,Male,Bachelor,Yes,Group,Car,57.4255228053435,Below Average
21,12.935370732163733,70.82963968695354,81.59660810042857,8.360286542688602,7.435820985185875,Male,Master,Yes,Self-study,Bike,51.533913315966345,Below Average
19,14.404975612828142,100.0,52.672303732893525,6.676752696520196,9.013493062898352,Male,Some College,Yes,Group,Bus,49.20118222961551,Poor
15,16.65192895031654,99.78584075235345,66.45129473906289,8.209846265021499,9.448144382517244,Male,Master,Yes,Tutor,Car,75.08935724902639,Good
21,19.10864978734727,76.08303177792668,64.05409247428292,7.30907427681927,3.5567793278465474,Female,Some College,Yes,Group,Walk,48.45158145490935,Poor
16,7.6501967784648315,88.26261858540342,76.37768263412053,6.72225215653769,7.561174016771832,Female,Some College,Yes,Tutor,Car,44.05441838007985,Poor
18,28.93514752161343,100.0,75.03486984473346,4.610795800971271,5.708977708183326,Female,High School,Yes,Tutor,Walk,79.57951436023032,Good
15,10.755872719284126,95.37431021426302,72.33140996114405,4.87757108392534,3.2879859541600234,Female,Some College,Yes,Tutor,Bike,46.197676100149394,Poor
18,32.56088497631083,100.0,100.0,4.0,7.202654656124589,Female,Bachelor,Yes,Group,Car,75.52636850573725,Good
20,11.000386097337145,97.07204768100708,65.63790879783943,6.156079775757016,3.150184837863509,Female,Master,Yes,Self-study,Bus,63.742624378374195,Average
16,30.25536304251361,98.95380018930312,63.88265370897184,10.417373054771872,3.8714701916549346,Male,Bachelor,Yes,Group,Bus,72.81234396004037,Good
16,19.772628339207465,85.59612543865641,52.64875494495916,5.068078915723,0.8698108924891106,Female,Master,No,Self-study,Walk,70.03898562549337,Good
15,6.268604432448226,85.1702271846433,46.93229011106694,4.0,3.6073367077003224,Female,Master,Yes,Tutor,Walk,35.486186841382036,Poor
16,11.65630885117719,89.0057557802268,51.69523934176337,8.444003379378298,5.761583627043755,Female,High School,Yes,Self-study,Bus,51.84690784346674,Below Average
19,30.611773346552383,96.01679211175451,59.219771118350806,10.545576803945051,9.706803487032486,Female,Bachelor,No,Group,Bus,71.32565687592158,Good
16,23.58918939241604,80.7502702625108,89.6510964165678,7.446881597889704,3.93951366139494,Male,High School,Yes,Self-study,Bus,70.69665501886193,Good
18,19.370146530657543,86.83080901754508,70.58745856542788,7.43309859207994,1.8854925587391984,Male,Bachelor,Yes,Tutor,Walk,71.81204872122746,Good
18,2.2659115641367222,,72.899960004291,6.535176889534373,9.492106912802374,Female,Master,Yes,Tutor,Bus,50.97118296150511,Below Average
21,31.116530708919715,86.73527232991793,68.55590037696855,4.30861415423491,3.4863426887473468,Male,High School,Yes,Self-study,Car,62.358725035687506,Average
18,34.963391182524134,66.2350550352723,75.47951489532683,4.823932123384785,0.0,Male,Bachelor,Yes,Tutor,Car,45.13447895701687,Poor
21,33.50413625895132,100.0,91.03108220826765,6.524870005902223,5.399281205410352,Female,Bachelor,Yes,Self-study,Walk,77.56954236928162,Good
18,15.078038273844076,74.00589821831686,40.09103745597946,6.237316989955385,4.025679580162475,Female,Bachelor,Yes,Group,Car,39.97440376941025,Poor
19,23.06239573720629,79.57808912860854,88.27505973378071,6.827240608345087,11.901186928055516,Female,Some College,Yes,Tutor,Car,73.19019987129886,Good
21,23.937128271493297,72.71103409667796,32.2744232119749,8.243987235892238,6.426098103041636,Female,Some College,Yes,Self-study,Bus,48.61666835687842,Poor
17,7.78037899332471,94.2356312374681,70.42304067282892,6.127243252124469,4.560972939035492,Female,High School,Yes,Online,Car,52.00366687105513,Below Average
20,21.44394004399638,82.05996053136504,100.0,8.274575134606916,2.22650837223319,Male,Some College,Yes,Self-study,Walk,50.89040550492733,Below Average
15,28.56833219294007,70.54288734854173,80.20986909297316,6.137065435145845,5.990500523578902,Female,High School,Yes,Self-study,Bike,44.34078995904012,Poor
18,26.11582588260569,94.85325049336514,75.59588402980955,8.557359389298636,9.370129850185382,Female,Bachelor,Yes,Online,Bus,89.6707156348792,Excellent
16,11.11068949804722,96.87473721884187,100.0,7.129551350610135,5.935442550431781,Female,High School,Yes,Self-study,Bus,65.93468802752464,Average
18,13.099079027475614,83.99685513284099,59.45405652998284,6.346254488617732,2.4577109236461627,Male,Master,Yes,Online,Bus,55.510070907644845,Below Average
16,26.324751915393165,75.04561072926884,76.5095113369757,7.1039410908233345,6.616418635255862,Female,Bachelor,Yes,Online,Bus,53.71564723023155,Below Average
20,25.06281949906169,100.0,78.67175646210839,6.55969173676365,4.854179315381553,Female,Bachelor,Yes,Self-study,Walk,77.42077850197197,Good
20,1.9667305638590769,90.10101445787846,62.16396798659461,7.169701356519957,6.345839309954487,Female,Some College,Yes,Group,Bus,56.742206017452055,Below Average
20,0.34725483381284405,65.88896522570015,63.48834730756029,8.137159297776208,3.9355779494473384,Male,Bachelor,Yes,Self-study,Car,33.39719504148555,Poor
16,19.38774350918763,100.0,61.84330850164991,6.869176602376525,3.8651141772163635,Female,Master,Yes,Group,Bus,51.06312437131064,Below Average
18,15.282777146502674,72.16337875881143,71.30972461012846,6.445646720719329,3.746660607704661,Female,High School,Yes,Self-study,Bus,45.000050570416434,Poor
20,17.61359021469034,100.0,78.2003740865697,5.314725692633756,7.826714454492084,Female,Some College,Yes,Self-study,Car,64.26769776349785,Average
19,16.709675274721487,86.1948678629138,71.84845409371994,7.8687670289375715,3.895324174276726,Male,Master,Yes,Self-study,Bus,60.42999431843961,Average
21,27.872188356504722,100.0,80.64192726144783,7.5224083396040875,3.6208078058773188,Female,High School,Yes,Group,Bus,71.31471606785432,Good
16,20.8285446755388,53.79973658729648,40.46279071039679,5.2270857236087185,2.1738022953129006,Female,High School,Yes,Online,Walk,55.159712927323994,Below Average
16,22.141088113305,65.73788673865056,66.72623254385745,8.253241416881142,6.362041405150302,Female,Some College,Yes,Tutor,Car,49.26041878069851,Poor
18,9.261497387920052,100.0,54.64871034474031,5.202723951096496,5.935105406393656,Male,High School,Yes,Tutor,Bus,42.923176587188145,Poor
16,0.0,89.76722598443705,74.52583769024348,8.54383268685084,3.6536953265341072,Female,Bachelor,Yes,Group,Bike,50.78303378754077,Below Average
16,28.98833425353213,100.0,74.30376143008485,8.031794990780527,2.871863877326417,Female,Some College,Yes,Tutor,Car,53.45199911080709,Below Average
20,37.1456415049111,92.27762657844383,68.26566827563818,7.629498283897104,10.628520239683136,Female,Master,Yes,Self-study,Walk,82.25335687313611,Excellent
18,17.259289054154834,87.17944359611559,77.65418515798108,6.434507261249446,0.0,Male,Master,Yes,Tutor,Bus,58.3819655720596,Below Average
20,21.99451633297564,100.0,84.96719077396043,7.863669673999679,6.479516009605163,Male,Bachelor,Yes,Online,Bus,66.602583611947,Average
21,22.59614653099644,100.0,69.09219216540536,8.614557992861771,8.874210644648025,Female,Bachelor,Yes,Self-study,Bus,65.05650126889637,Average
21,33.40234599734576,82.05608201085566,54.22457667850446,7.88852788166226,0.0,Male,Master,Yes,Group,Bus,71.17687859329592,Good
20,27.11187435421723,68.5884384925233,46.28113643620779,5.994624967410644,7.382420180228538,Male,Some College,Yes,Tutor,Car,63.56809369720399,Average
21,23.968513865807,49.42576502851759,70.54165262995193,7.401110473533196,4.339236195511735,Male,Master,Yes,Online,Bike,49.19065992892986,Poor
18,20.444577255551728,78.43501495295942,73.62800052270312,8.698052479442554,5.768164592849778,Female,Master,Yes,Tutor,Car,66.5729985419653,Average
15,20.48186337191273,67.20497357167942,55.45714165720032,10.298647270835055,4.03028610643373,Female,Bachelor,Yes,Self-study,Bus,62.773092156740994,Average
20,8.484307226930156,100.0,80.88650234744549,6.692180538251206,8.226180336938231,Male,Bachelor,Yes,Self-study,Car,64.31305434557277,Average
19,16.932099790441907,75.2444358389496,63.115646712631396,8.286824659197146,6.0893580250140715,Male,Some College,Yes,Self-study,Bus,53.25143600069372,Below Average
19,27.089615729035003,74.83436491562432,45.15350702243274,8.701720780126477,5.395159668602948,Male,Some College,Yes,Tutor,Car,61.49547120924106,Average
16,18.13037456548796,62.181326881170314,88.84654513517783,5.781392501515355,2.30341817912422,Female,Master,Yes,Self-study,Car,42.880601575543935,Poor
21,20.35480445999254,81.00524007215945,87.15981878803245,9.673117477092221,10.646876701502565,Female,High School,Yes,Tutor,Walk,68.04184372985058,Average
19,10.590980176087431,75.03197605536681,39.766008450053526,5.4022229738748315,5.029793059199813,Male,Master,Yes,Self-study,Bike,41.502869063839576,Poor
16,23.564055210251073,100.0,61.56099577519461,8.213478272549464,11.869417392381376,Male,Some College,Yes,Self-study,Bus,65.33124996657013,Average
15,8.305946751714224,87.52714239122477,60.976244778785855,7.457979669320599,10.782708155534586,Male,High School,No,Group,Car,37.7780867410533,Poor
18,22.319062492297007,84.86703966015433,94.59232989126254,7.0833633399972395,0.0,Male,High School,Yes,Tutor,Bike,53.39684064088376,Below Average
18,18.502200349209488,82.97990868876103,68.51060934937516,10.820249922172966,3.0351621175919297,Female,High School,Yes,Self-study,Walk,55.372922438715314,Below Average
18,6.053718022305931,96.79262380283804,47.56182702916873,6.548117147009798,1.8891469820751745,Male,Bachelor,Yes,Group,Car,57.53411294666871,Below Average
19,28.555823616326954,78.21507751548249,83.23157173361318,6.523981610907087,4.855381755538812,Female,Some College,Yes,Group,Bike,67.9669088953954,Average
15,18.689077892296254,95.00809140297757,51.53836681350879,8.997218211096692,5.561492061458486,Male,PhD,Yes,Self-study,Bus,69.69871787256162,Average
19,34.88622443295333,100.0,66.09489263917358,8.142705667130175,5.689779403680291,Male,Bachelor,No,Self-study,Bike,86.21032476938997,Excellent
21,31.826016918579707,91.90112515449471,58.45346683178685,8.923148381437832,8.162386028056936,Male,High School,Yes,Tutor,Bus,73.16688251490855,Good
19,12.964257278025945,81.25403075762297,61.5931735258009,7.17530407351167,9.480748307926609,Male,Bachelor,Yes,Group,Car,56.596126621288626,Below Average
15,13.666240170755364,70.69811243542148,84.05887134345909,7.475413925518245,7.902463247715916,Male,Master,Yes,Self-study,Walk,46.671755363375865,Poor
15,10.624185164396438,80.87314020479388,92.81995241998249,9.851403419491863,3.31719435732876,Female,Bachelor,Yes,Tutor,Bus,78.93525631804656,Good
21,7.308291052589325,93.44618310958856,50.88446880430932,5.746068880628956,2.6539284046776817,Male,High School,Yes,Online,Car,34.532637544386425,Poor
15,16.622582600392025,62.01208987124018,79.39114638261725,6.84568443386251,5.008285507651809,Male,Master,Yes,Group,Bus,53.851626462260334,Below Average
15,31.54997767748609,97.47314136563924,59.00869555465006,8.197381107138167,6.278358579213984,Male,Master,No,Group,Bike,78.27198837478939,Good
18,4.680741043123822,88.11419032342097,59.47492134963887,6.706208769868243,4.450425962848633,Female,High School,Yes,Tutor,Walk,57.41878205778959,Below Average
21,26.81555574051748,82.76216260361922,77.35954332134072,6.144781181075447,0.9635454912433332,Female,High School,Yes,Online,Walk,50.441423715122376,Below Average
17,26.14671563444003,75.10879882823497,54.581458514294575,7.927726769179783,7.046178525730402,Female,Bachelor,Yes,Tutor,Car,55.06745894049919,Below Average
17,24.437542353789027,77.85433448545949,77.05903901162567,9.003708499737241,3.8230556937982896,Female,High School,Yes,Group,Walk,54.855704102406605,Below Average
15,25.86538691795482,93.95959062197961,80.95170034764602,6.7887484557912146,3.73246179673387,Male,Master,Yes,Group,Bus,47.616628389428726,Poor
17,11.166225691622936,83.07682710857334,63.512016074514726,6.747115568783877,4.836161977825721,Male,Some College,Yes,Tutor,Car,53.66913147613108,Below Average
17,26.092574730380772,77.48290049082145,89.906171530205,6.0284679614748535,4.280303248759516,Male,Master,Yes,Self-study,Walk,56.86937025472494,Below Average
15,15.605934547671435,92.02845240057283,50.90763081907739,6.556034734891399,3.9004968334636954,Female,Bachelor,Yes,Group,Bus,69.62205615551164,Average
17,0.32645310337161604,92.62284666238195,90.1810928591751,8.625409119745278,1.1596240792004309,Male,High School,Yes,Tutor,Bus,59.93834178718056,Below Average
19,20.459303582050968,66.26237408013928,40.840188557723,7.121594306040485,4.663257599145024,Male,High School,Yes,Group,Bus,49.002642308230946,Poor
16,13.247138140730026,93.57221044865477,100.0,5.792514008604567,7.108861375720602,Female,Bachelor,Yes,Group,Bus,59.67447639035653,Below Average
21,30.870533066661828,100.0,63.90696642067251,7.393543570485494,5.793932015363867,Female,Master,Yes,Group,Walk,71.5131261384082,Good
16,17.709227870672642,92.04431184063256,52.565392654185736,8.576791016479062,7.844364317301935,Female,Master,Yes,Self-study,Car,57.26267865198955,Below Average
15,20.36486271940476,59.51489192734498,66.50992137220003,6.157171504678857,2.8143649330399794,Male,Some College,Yes,Group,Walk,50.608919293636475,Below Average
18,23.113436609156313,87.66063087759319,54.30283086063358,5.007092170606655,1.1658245626465953,Male,Some College,Yes,Tutor,Bus,74.79866419938031,Good
21,17.860794896932966,57.53776938709473,75.80447948281814,10.286237739809128,4.2624500630660105,Female,High School,Yes,Self-study,Bus,43.19423191208233,Poor
15,19.169271060560007,100.0,90.51485997205221,4.93220597493513,3.157290144353909,Male,Bachelor,Yes,Self-study,Bus,63.60693266221993,Average
18,26.748592182242753,100.0,55.09815660914984,6.461466154216321,3.468995050376756,Female,High School,Yes,Online,Walk,71.25172328789984,Good
16,11.469428174080251,75.01092275806906,78.69098858761005,7.348192767788005,5.635249154243382,Female,Some College,No,Self-study,Car,50.062841581810986,Below Average
15,14.385492459779197,51.31499201509246,47.0089694665636,6.591358448133563,3.4907583826860336,Male,Bachelor,Yes,Self-study,Bike,56.47118327791266,Below Average
21,12.263111563192266,71.82443219360823,85.49432099842919,6.887633733017472,1.2497945323808173,Female,Master,Yes,Online,Car,59.15324436950702,Below Average
21,31.494037380396428,82.28513891590414,76.24354550391394,7.86525725181189,3.3230158163540056,Female,Some College,Yes,Tutor,Car,59.85765800344923,Below Average
20,14.386400183937361,58.57204386940392,,4.0,6.020178100582404,Female,Some College,Yes,Group,Car,51.81611264154891,Below Average
19,18.85373393026336,83.96466227505658,68.16479646038341,5.099658292714223,7.014441803020752,Male,Bachelor,Yes,Tutor,Bike,50.84544713631256,Below Average
17,15.195162550003321,82.18632003594622,63.472651032178725,7.066389079105494,6.984268352250041,Female,Bachelor,Yes,Self-study,Walk,47.881732345726924,Poor
18,17.534576373801706,86.87732045594333,,6.393674482039585,6.2734192827437285,Female,Some College,Yes,Tutor,Bus,60.09508618187839,Average
20,14.100564268185739,88.4446776540697,50.37927217662372,7.194116887413396,4.495719602104267,Female,Master,Yes,Group,Car,65.95016511870487,Average
17,23.701794509128952,70.51573600184273,43.85763502399637,7.341479923946956,6.214742296877389,Female,Master,No,Tutor,Car,60.82704599373779,Average
17,11.67319877376083,72.19878940375519,69.92557023939943,4.0,4.872993025405289,Female,Some College,Yes,Group,Walk,48.19272391432636,Poor
15,9.180395560720024,85.68388246705075,64.1560508971181,8.910460498227469,5.339288413460713,Female,Some College,Yes,Group,Bus,61.95150215924803,Average
17,15.532637044537918,75.53511805189079,78.3074999767232,6.252598175349475,2.1820197864021806,Female,Bachelor,Yes,Group,Walk,56.6293131144519,Below Average
19,13.614118255747737,98.61242152625884,86.37327136470995,5.70173022283599,5.131624891282146,Male,Master,Yes,Group,Bike,50.6451757260198,Below Average
21,9.297241409532974,85.53841824651549,77.99521118726709,7.312532943938919,6.135998702754235,Male,High School,Yes,Tutor,Bus,54.549313169904295,Below Average
20,17.413017607974385,100.0,85.17854967740118,7.160740341673365,6.023381940319126,Female,Bachelor,Yes,Group,Walk,65.73089912867093,Average
17,6.719060635549333,97.30723657406838,74.81578499998245,8.795036226481956,1.1374429218221043,Male,Bachelor,Yes,Group,Bus,63.701586039118915,Average
15,33.82198101947407,100.0,77.41893622481648,7.407809744155025,5.2887823292101475,Male,Some College,Yes,Group,Bus,68.9298368020277,Average
19,8.059189084674456,86.9884910194718,68.25014185251594,8.73716627203645,0.66833126760826,Female,Bachelor,Yes,Group,Bus,43.070580897709526,Poor
16,14.829604005594009,87.36042251935444,76.97568191522772,5.5927339368584414,5.5210299384155785,Male,Master,Yes,Tutor,Bus,57.466682557596705,Below Average
21,16.771560345224714,100.0,72.49979242845271,7.212791582811248,2.8959884251918577,Female,High School,Yes,Tutor,Walk,55.56730351781847,Below Average
21,33.47747971684497,79.32560674694456,74.87765194793596,5.327878439012666,10.116928827576334,Female,Some College,Yes,Group,Bus,65.12297116090657,Average
20,6.157477516606576,93.2016903124786,67.49913950369742,7.146513783340419,5.35772998788767,Female,Some College,Yes,Online,Bus,52.98031892226326,Below Average
21,21.136400735340544,81.00643701757812,82.13393800706947,6.828568066597172,7.403492059471768,Female,Master,Yes,Tutor,Bus,58.972336929213974,Below Average
17,28.297267719557,80.97045912419046,59.343211752475725,6.764053862198646,11.33261791107284,Female,PhD,Yes,Group,Bus,74.07298865538327,Good
15,17.522055172139158,67.4665560138742,69.7247646864384,6.777208671457551,2.547794566733837,Male,Some College,Yes,Group,Bus,65.76267508102586,Average
21,10.641463742631926,73.86228473714588,89.67675850311363,8.104584205276897,6.307024732717734,Female,Master,Yes,Online,Car,65.01535533435074,Average
21,19.136120285175533,71.07595822875324,55.76917265618312,4.58896051449613,1.4422669723014614,Male,Bachelor,Yes,Group,Bus,30.791589767650127,Poor
16,32.21681007913982,93.91553213384755,37.57231807371055,5.650318205823742,6.034691024749757,Female,Bachelor,Yes,Tutor,Walk,56.325416696589926,Below Average
16,15.073713241858309,100.0,75.49685749446958,6.939142259882237,10.297127799351209,Female,Some College,Yes,Group,Walk,63.28826070326441,Average
18,31.489467744622125,83.57869939632397,66.14568264469752,5.232005365793125,3.1163503566746322,Female,Some College,Yes,Group,Bus,44.65187405094079,Poor
19,22.069335296081736,88.44441895245481,85.16293360557759,7.069171159301567,2.3421370601162117,Male,Some College,Yes,Self-study,Walk,55.11064090915094,Below Average
17,29.860113693890007,82.71292967342356,68.0422738015451,6.923721218138386,4.72647729944431,Female,Bachelor,Yes,Group,Bus,62.55710851784872,Average
21,21.749464738209127,72.83836120160522,60.93491392655032,4.894365032421125,11.137451864264857,Female,High School,Yes,Online,Bus,52.245792636576525,Below Average
21,16.12499446424557,97.93394537195319,68.8627390627268,4.8202522806185835,7.313116759859765,Female,Master,Yes,Group,Bus,60.587665156213205,Average
15,33.110879890991626,94.78802040639219,86.39602879919816,4.0,2.2852560438319687,Female,High School,No,Group,Bus,56.24981755883202,Below Average
18,21.801882822444828,56.611810220440546,78.63054440788562,5.168994925477131,9.365181747445307,Male,Some College,Yes,Online,Car,50.17804477896142,Below Average
19,21.33143628642529,80.7533649814712,33.491466151779484,7.0214848873159,0.0348110230004397,Female,Bachelor,Yes,Group,Walk,51.11090492151503,Below Average
18,26.460445052843433,71.76958988188858,72.78651238130156,7.234281734411316,11.409677386408175,Male,Bachelor,Yes,Group,Bus,63.79986799199517,Average
20,27.39321906468428,79.13592145502162,73.53643198602107,,7.569352040045477,Female,High School,Yes,Tutor,Walk,69.22331385189173,Average
19,26.502851713904793,74.94352649430611,69.72625052199221,5.833121780998929,10.290672320020153,Male,Some College,Yes,Tutor,Bus,66.22203367851766,Average
21,9.194224376467949,84.303694438879,60.83665162647116,6.9725447739677655,0.05660567484789447,Male,PhD,Yes,Self-study,Walk,44.74266041102748,Poor
21,14.90211574339298,80.05127897299789,87.91797811759666,7.595866913862179,5.5083254925790595,Female,Some College,Yes,Group,Bus,60.82548943338039,Average
19,14.74776838824946,79.73288959268741,88.66050922202292,5.09794667574827,4.598333220302853,Female,Some College,Yes,Group,Bus,49.04815431481844,Poor
21,13.767358166016997,100.0,36.95259308761207,7.18499361158581,1.9790615796600768,Male,Master,No,Self-study,Bus,49.92567579301129,Poor
17,13.023169876771528,93.35767991003873,58.030607833878335,7.984721817752637,1.1119291392458235,Female,High School,Yes,Group,Bus,44.08105216410326,Poor
19,14.631808710794436,74.4415802454935,67.8290402307142,6.263841805265679,6.521243776278647,Female,Bachelor,Yes,Group,Car,63.81210172822419,Average
18,22.687589942833284,76.66679900779869,84.22762305575004,8.593351495524404,6.793195124340872,Female,Some College,Yes,Self-study,Walk,61.28089908232304,Average
19,23.955274297998628,92.37689583099419,70.52279314587649,6.298848484262545,8.899922140177258,Male,Some College,No,Group,Bus,76.52922789319412,Good
21,19.986912266847217,92.3562935755415,59.74609299752615,5.709908717315387,3.4897368400195075,Female,Some College,Yes,Self-study,Walk,61.2663404035997,Average
17,16.59174129148464,75.94329641406897,80.64300365961063,7.8352617678293806,4.57517056953257,Female,High School,Yes,Group,Car,48.826981905762054,Poor
17,30.20370598922896,81.49013999646753,66.8299587167351,10.049940654199686,0.8526202251617245,Female,Some College,No,Tutor,Walk,67.24758398358713,Average
20,19.2674715148013,100.0,68.2389871126756,7.128030428331714,9.622357435984247,Male,High School,Yes,Tutor,Bus,74.05666705722957,Good
18,27.496580162521425,76.20177867217986,69.59262349893886,7.95236170617058,5.208644263271729,Female,Master,Yes,Self-study,Car,61.7324887030408,Average
16,15.445390955609778,100.0,78.61462661257725,6.236924168353234,7.167765504860316,Male,Some College,Yes,Self-study,Bike,64.5117729786849,Average
16,23.309702399616594,100.0,65.37175597489319,5.137575670305958,7.273716188333036,Female,Some College,Yes,Self-study,Car,59.463770703952626,Below Average
19,30.73670803444732,100.0,80.30419738970834,7.2493984688511,9.377321471905933,Male,Master,Yes,Group,Bus,75.47372269004576,Good
20,0.0,75.56392041895856,68.9039654738939,7.486599957681866,2.50580159819764,Female,Bachelor,Yes,Self-study,Bus,46.32068520565481,Poor
15,14.759317729407375,82.47166188905858,53.99475120373186,6.4631333644282565,7.092759801041535,Female,High School,No,Group,Bus,47.540205674800916,Poor
19,24.749937406729693,78.26254286836655,69.44835541456828,7.946584777032259,4.924973881072876,Male,Master,No,Self-study,Car,50.51007794206154,Below Average
20,29.702520589461482,100.0,54.771798952821776,6.01887998527852,11.317031199021894,Male,Some College,Yes,Tutor,Walk,82.32982606064957,Excellent
18,21.62490838357205,76.48474340991865,,5.646870601222386,2.4969074630119494,Male,High School,Yes,Self-study,Bus,62.03871271481869,Average
18,20.396581834395235,95.96823240014311,82.44210893847199,8.590964395729248,8.514279043291616,Female,Master,Yes,Self-study,Car,63.45653607274748,Average
18,32.8846277057864,95.17449116788062,53.89556490996828,8.598021439812445,6.051025337685191,Female,Bachelor,Yes,Tutor,Car,71.4493400627632,Good
18,30.191947124710552,84.27955703928735,75.46410108706658,6.048485341246482,5.893568282618064,Female,Some College,Yes,Self-study,Car,51.69325751964373,Below Average
18,13.051344503618404,100.0,57.56443812470188,9.578275735607233,5.162062178142469,Female,Some College,Yes,Self-study,Car,40.13591212341846,Poor
20,20.931287840966057,86.61519804589908,73.0255083987482,6.569339961204626,9.039997468510363,Male,Bachelor,Yes,Group,Walk,73.9842133748027,Good
20,22.881352017084122,97.51128577912455,82.90306363030726,7.127174296965938,5.791555103221804,Female,Some College,Yes,Group,Bus,70.69341053841389,Good
17,33.74879499210949,77.57944946623326,38.05730388834938,6.8730211872273586,0.4267539856370688,Female,Master,No,Tutor,Walk,56.598442566800706,Below Average
16,26.928564128342387,74.14844778839762,53.28286259692982,7.78564032616852,8.658510706136735,Female,Some College,Yes,Self-study,Bus,62.202106339249,Average
21,19.171391200787014,95.96718293886413,64.46530832335117,7.407132240701413,8.108605496395166,Female,Master,Yes,Group,Bus,95.67428080478078,Excellent
18,21.76059463042897,91.46260366500623,74.72560733772423,7.386943242372487,6.761413052638542,Female,Bachelor,Yes,Self-study,Bus,73.66770476938702,Good
15,4.928932086128851,88.64961496192548,67.50425005962514,5.470657552420171,1.6145791107573608,Female,Master,Yes,Self-study,Bus,37.96486193749407,Poor
21,27.749027877018758,79.84467478093325,69.31178827028621,4.467156524815474,2.080653919336039,Female,Bachelor,Yes,Tutor,Bus,42.42437029235946,Poor
20,25.16586230978598,100.0,100.0,,0.0,Male,Bachelor,Yes,Tutor,Bus,82.90590838811517,Excellent
15,29.697251465800814,68.25121293619229,51.81314081726158,6.181831001590385,6.3809896195394415,Female,Some College,Yes,Self-study,Walk,65.55932211051893,Average
15,18.847605613803843,67.42985485403543,87.03227524544155,6.926449939849783,0.9513534554768912,Female,Some College,Yes,Group,Bus,60.942300893365584,Average
15,21.024328548467686,99.13249757745743,64.75032809268374,7.490198364834671,0.0,Female,Some College,Yes,Self-study,Walk,53.417453682556214,Below Average
17,16.1492932057622,97.90144576214604,78.24212188748102,9.443514405023901,8.824967357900132,Female,Master,Yes,Tutor,Bus,70.62336694490708,Good
20,10.815560750754068,90.30644168487802,100.0,7.242036886963762,7.304538693388541,Male,Master,Yes,Self-study,Bike,56.03511735431193,Below Average
15,15.181950376942588,80.6807166714579,80.3301703552814,6.407803655613854,4.000485005507219,Male,Some College,No,Self-study,Walk,63.347317041300634,Average
18,5.445596403760566,92.53633193785618,75.58743564685,6.214683428069714,4.597860250228414,Male,High School,Yes,Group,Bus,63.45014660754557,Average
19,27.316844124752677,100.0,93.98683502724063,6.943964738137092,0.0,Male,Some College,No,Group,Walk,65.5393831737853,Average
15,2.600939978775223,100.0,86.87197966889788,5.635952845539081,7.750234757177661,Male,Bachelor,Yes,Group,Car,68.82480628307034,Average
17,36.25714020767376,60.15379441787265,58.00908885757846,7.043313584723515,2.9218056065339475,Male,Bachelor,No,Self-study,Walk,59.88109500764541,Below Average
21,5.886984805599344,78.7161982112718,74.41787113680783,6.9219704673129785,5.990872589399422,Female,Master,Yes,Self-study,Car,55.71310171598309,Below Average
20,31.999109405401576,77.77340105522741,44.237563987888606,9.462290422966227,0.0,Male,PhD,Yes,Group,Car,46.16790713961737,Poor
17,12.735567651436497,100.0,61.89769917438623,6.874598292113618,7.932704096484637,Male,High School,Yes,Self-study,Walk,62.03820944362515,Average
15,24.488264539768483,47.78057520152198,74.7107945139979,4.113267758426725,2.7414656918428277,Female,Bachelor,Yes,Tutor,Car,42.01190229091428,Poor
20,13.980426397385049,92.70752789598319,60.96841970828112,11.010266455594717,0.871873208631937,Male,Some College,Yes,Self-study,Bus,62.75169133966885,Average
19,33.38998527513106,81.1478453737145,74.10050118957886,8.435250596734145,3.9811950965348983,Female,Some College,Yes,Group,Walk,82.89004475716729,Excellent
15,20.34962134467419,100.0,69.79923076520441,10.123523116143378,3.210814346193545,Female,High School,Yes,Group,Bus,69.10649748955852,Average
17,28.58945609679002,100.0,78.04625098592564,5.264020019523273,8.2228028387296,Male,High School,Yes,Self-study,Car,62.252459559894824,Average
16,20.60838431917108,90.48260102240039,63.63701466957834,6.667259828115562,3.7388146329151186,Female,Master,Yes,Group,Bus,65.92733192313483,Average
18,22.823679804311215,61.304153939323044,55.8977662834493,8.011601862241479,9.087851079840103,Male,Some College,Yes,Tutor,Car,58.50315520407195,Below Average
21,24.928853232157994,76.391657764973,92.17190239259891,7.804587058426689,5.990427847367219,Male,Bachelor,Yes,Self-study,Bike,86.39424368368209,Excellent
17,15.770208116002365,78.03413385079392,62.564548859650834,7.460406561039328,7.683103661637124,Female,Master,Yes,Online,Bus,57.98351170413053,Below Average
20,9.757670974117953,65.10317808319803,79.90015889675678,4.0,4.993500640316341,Female,Master,Yes,Group,Bus,41.34092153003236,Poor
15,9.587173394064001,100.0,91.52870539708805,4.431340813653529,8.816176947019649,Male,High School,Yes,Self-study,Car,69.86532985720756,Average
18,20.406740553089243,63.19860254088391,72.44004998496298,9.276280163595807,1.5391280291519722,Female,Bachelor,Yes,Group,Walk,52.91465185229453,Below Average
15,16.09087931689536,100.0,57.155401458352756,9.542994299304535,5.340873372482981,Female,Some College,Yes,Self-study,Car,62.511049714587436,Average
20,2.8331459212004653,100.0,67.32085038178984,6.840023062845407,3.8106925117057555,Male,Master,No,Tutor,Bus,43.48466280021344,Poor
15,24.103530006331965,79.2240960721074,85.2631137491013,9.085641211609573,9.189885438521936,Male,Bachelor,Yes,Tutor,Bike,66.2239318428198,Average
16,10.252082869707316,89.92743055194724,73.09371318606794,5.465158350785053,9.497103213978278,Female,Bachelor,Yes,Tutor,Car,57.35911873216986,Below Average
18,10.717399797845554,83.91574782894364,51.92287311693585,5.8083609197969785,5.0012637777113556,Male,Some College,Yes,Online,Bus,48.04718474876198,Poor
18,19.666991725704605,98.52737200542535,78.94965750300568,5.346579517205276,1.1254666967125846,Male,Master,Yes,Tutor,Bus,56.25768079270397,Below Average
20,12.799074735408693,100.0,81.54297203576498,,6.281291950375003,Male,High School,Yes,Group,Car,64.7819104282612,Average
21,20.98004398671615,88.869954881801,64.670321708231,8.08404401428393,0.006170794898700427,Male,High School,Yes,Self-study,Bus,49.6881417724838,Poor
16,35.787687132820466,,79.15366563407119,5.706471440404834,9.878428396349335,Male,Some College,Yes,Group,Bus,63.019031660460044,Average
17,16.967538830541432,75.69093604090726,73.675278931907,10.359614559891797,3.5804897880918847,Male,High School,Yes,Self-study,Walk,65.14147863153195,Average
15,11.52336683026681,91.55070950335508,67.03855692036942,7.690105909521157,4.908289509747514,Male,Some College,Yes,Tutor,Bus,62.82701246025473,Average
19,21.45205582101848,87.44143118385972,50.59696384609504,8.626790569742631,2.957146772579738,Female,Master,Yes,Group,Walk,44.81457633792655,Poor
15,13.7981456506585,71.32308266872965,86.16930842658637,7.73491087420011,2.294655239897538,Male,Master,Yes,Self-study,Bus,36.20721009378884,Poor
15,20.190011855981975,84.78944335985334,,8.821404475688919,7.211873949641157,Female,Some College,Yes,Self-study,Walk,54.698160038567,Below Average
17,22.52508781344991,79.2522622302089,78.75829441562969,5.698000000692179,4.524149968846035,Female,Some College,Yes,Self-study,Walk,58.76980861385974,Below Average
15,19.718424492300123,75.85756627272912,93.1678900551714,9.170400307299335,5.127447616769525,Female,Some College,Yes,Group,Bus,74.9711224003557,Good
16,20.452471596713355,67.80263188600648,84.1779059052039,7.211408328387155,1.988326762343482,Male,Some College,No,Group,Car,54.9240783482399,Below Average
16,21.536723045061194,85.93754099874214,,8.813899166453108,7.568177670491119,Male,High School,Yes,Group,Bus,58.198388465123536,Below Average
18,32.77690178016648,73.29288990511985,36.801589779597535,4.840653919935724,7.873369205410601,Female,Master,Yes,Group,Walk,58.47075115570435,Below Average
20,17.97664556714404,77.9333774154595,87.95342427703623,7.270874809912544,4.373214539361268,Male,Some College,Yes,Group,Walk,58.86219387911014,Below Average
21,21.01947525334472,100.0,71.24620771423076,7.217858075172498,8.803766399995663,Female,Some College,Yes,Self-study,Car,53.46761854963125,Below Average
19,26.934792506737143,94.48174151902568,74.68737520385707,6.071145302530837,4.687627537326432,Male,High School,Yes,Self-study,Car,53.09534567210653,Below Average
15,23.768294651344167,70.3185002820812,74.78999784540079,7.469678244620896,7.339266488866461,Male,Master,Yes,Group,Bus,46.72691653830873,Poor
15,17.134326396073767,90.27836601859654,81.60749115463419,9.309410272002271,0.13121725750970725,Female,Bachelor,Yes,Group,Walk,86.30756974531951,Excellent
17,27.2149074961431,86.99171047396233,86.83262543202528,5.955771461555319,6.060292599459237,Female,Master,Yes,Self-study,Bus,76.3860863133748,Good
20,13.030024951080566,100.0,79.51361714588833,8.442781534307407,4.185555597179196,Female,Master,Yes,Self-study,Bus,56.91200689165149,Below Average
16,18.186004581614192,100.0,77.12928383979838,5.308865415780238,5.466567277864988,Male,Some College,No,Self-study,Car,74.5774658973002,Good
19,13.831307675964482,61.99376911435246,73.47269108943357,10.164166891963688,5.332047216967479,Female,Some College,Yes,Group,Bus,47.047053366276636,Poor
18,24.60939679576881,97.91691503437902,19.725842246429828,8.176900477655062,5.377099466530952,Male,Bachelor,Yes,Self-study,Walk,68.34031847144294,Average
16,29.51679825027799,100.0,65.68613470824718,9.587675998387859,6.847102188087661,Male,Some College,Yes,Group,Bus,73.06365155521115,Good
20,21.786689269570843,93.39038813092496,55.876157239740316,8.008090778640652,3.304479105182063,Male,Bachelor,Yes,Tutor,Car,54.001497485786665,Below Average
21,20.602127567433502,79.96881784458714,88.16109308408627,7.585919766594042,6.707237778606929,Female,High School,Yes,Self-study,Bus,70.4575626637417,Good
18,12.999930660335393,100.0,79.2855579742944,8.189399410728877,8.697574649353719,Female,High School,Yes,Online,Bus,66.20555255191455,Average
21,14.379591063038685,94.77113921390534,63.127945191793984,6.795328804968743,0.7695769850590299,Female,Bachelor,Yes,Group,Car,59.71492565881701,Below Average
17,10.453919074892594,100.0,64.63424226596133,4.573249141662517,2.658379705312023,Male,Bachelor,Yes,Group,Bike,56.49450093401036,Below Average
17,2.586548885822541,100.0,64.09027955046368,7.671099019700189,2.7843937234964415,Male,Master,Yes,Group,Walk,54.20491234846058,Below Average
15,16.871727990156067,91.96201990334956,63.822607685216205,5.866744998100368,1.723862601647122,Female,High School,Yes,Group,Bus,64.2325886489164,Average
21,17.615157845176277,76.30448632789559,48.33163834712804,5.347507126930896,3.5759066910888233,Male,Bachelor,Yes,Group,Bus,75.20904604773023,Good
20,37.382738362986444,84.63842682771248,45.08080760083349,7.954439752657915,8.09935554619952,Male,High School,No,Group,Walk,80.00362915874925,Excellent
19,32.50250852966489,81.6713132080967,70.43570158572616,,9.342760773537286,Female,High School,Yes,Self-study,Car,70.44231912668099,Good
18,24.445121917068274,66.78221566526095,86.12971209039031,8.541556609908534,5.318524909239507,Female,Some College,Yes,Self-study,Bus,58.598837415111774,Below Average
16,36.675817844332514,94.75422362439555,,5.816588846861395,4.027291967455399,Female,High School,Yes,Self-study,Walk,67.67214287772687,Average
20,31.1272279694822,100.0,74.55167126386068,6.29375653522926,7.40877190724198,Male,Some College,Yes,Self-study,Walk,59.974561154669,Below Average
20,3.939455829097806,80.5254475817283,81.01391375765088,8.725444039452091,0.0,Male,Some College,Yes,Self-study,Bike,56.64072931524959,Below Average
17,28.539649377878014,100.0,55.09932691624215,7.419763991496413,1.8344645836905251,Male,Some College,Yes,Self-study,Bike,55.09479704481742,Below Average
21,25.691634121558614,61.636258212074,69.70036856920146,4.784007938640791,0.0,Male,High School,Yes,Tutor,Walk,48.10806181210568,Poor
15,17.68497642293847,100.0,60.002192780897275,7.386641324290166,1.8029008479336743,Male,High School,Yes,Tutor,Bus,66.37189629983784,Average
15,8.678379843859881,100.0,94.0917923774694,9.221857822883205,2.6989474192939995,Female,High School,Yes,Online,Bus,60.68648857256088,Average
18,24.763209085683386,81.9395412852841,93.43689260293172,6.2821338330678,9.433045633813034,Male,High School,Yes,Group,Car,63.155920796752085,Average
17,3.3669782162040285,82.20915242285679,55.11485740187724,7.897086544679364,0.0,Male,Bachelor,Yes,Tutor,Car,32.31200272979794,Poor
20,19.82820030100272,100.0,75.78826574626488,5.725919627266142,3.7498921992969985,Male,Some College,Yes,Tutor,Car,75.75438644193967,Good
19,15.063276733704999,92.58986664939302,86.01398951218735,6.794825087545856,6.858699416534321,Female,Some College,Yes,Group,Bus,54.7772092308383,Below Average
17,9.929263667582438,55.0388298481074,82.72494250564495,8.63475330467565,6.23219198980728,Female,Some College,Yes,Self-study,Car,43.4671611354312,Poor
18,29.510408061217646,72.34940268190928,71.22344552476548,7.328847501632461,9.385214400604681,Female,Bachelor,Yes,Online,Car,46.53844066624724,Poor
18,19.66953255535382,84.7967567792881,89.59836192646522,8.933904794073454,5.483154435789766,Male,Master,Yes,Group,Bus,65.14830635383552,Average
17,21.39173063335656,64.454527304724,56.43227966515851,7.637953606341792,6.122834541443435,Female,Master,Yes,Group,Bus,49.55128225018712,Poor
18,27.26297557793942,77.88738525355144,65.45360583407961,10.328109515801263,0.0,Female,Bachelor,Yes,Self-study,Car,63.240059189163524,Average
17,19.929675549573155,64.82971862134099,56.835363703606376,4.652629946171096,2.0351934254695734,Female,Bachelor,Yes,Self-study,Walk,35.922265221835765,Poor
16,23.611289589179986,79.44744054169915,81.73740242050933,6.674209974908552,0.0,Male,Bachelor,Yes,Tutor,Bus,67.2521359812281,Average
17,26.526812963912718,79.95065909018258,61.26044688550823,5.373199310061923,6.717824323742299,Female,Bachelor,No,Group,Car,41.5978476076323,Poor
21,24.534047415350607,90.27632014890571,67.43126236844371,5.475626238312626,6.046071355271738,Male,Some College,Yes,Self-study,Walk,61.95385951064315,Average
17,22.28784132950627,83.62361014000749,79.26505552398623,5.4892244592909405,5.940613901850546,Male,Some College,Yes,Self-study,Car,63.01234244290015,Average
18,34.26490268300046,92.54184581561134,80.47374870666724,7.25158873307683,2.3556991746257774,Female,Some College,Yes,Group,Bus,72.21482536108822,Good
21,29.93576478407885,90.75316011210883,56.39310480617124,7.3394514022328,2.0811506620500038,Male,Master,Yes,Group,Car,65.20036140980255,Average
18,19.31389464613733,100.0,85.84982925659189,7.641183887492675,5.628340796889252,Female,Bachelor,Yes,Self-study,Bus,75.82684311963129,Good
15,12.722456398812378,98.10674561440173,76.83534503000877,5.315409159783172,2.9918418416865955,Male,Bachelor,No,Tutor,Bike,71.60498213333615,Good
15,25.108989198701153,96.52185752702074,53.774457406293976,6.513662771502564,1.9387863085032897,Female,Some College,Yes,Self-study,Bus,59.618208439293426,Below Average
21,21.726885185512042,100.0,50.084261563650806,5.553558040365448,3.474831886225795,Female,Some College,Yes,Self-study,Car,49.73993804939202,Poor
16,33.67196530551067,90.21103954963493,69.76270434606899,8.403822334407574,3.017773891894075,Female,High School,Yes,Group,Bus,75.33827696495827,Good
15,27.89994404560578,100.0,82.75140983975214,5.69459867472854,2.39983107611464,Male,High School,Yes,Self-study,Car,66.43326898153643,Average
17,26.113635104015266,91.183276033659,83.1357379360147,6.679431772006178,1.3226965497271939,Female,Master,Yes,Tutor,Car,78.52404999413368,Good
18,20.103612303632758,83.75723627791162,75.34250315837264,7.840459661984658,6.34606930501672,Male,Bachelor,Yes,Tutor,Bus,55.94492379100199,Below Average
15,12.99441006666206,79.40252226680204,70.73012257490238,6.076556988253653,9.668148318431172,Female,Some College,Yes,Tutor,Car,47.08118999811748,Poor
15,18.41629625038948,100.0,77.67606503618508,8.04081766747098,4.882987398144039,Male,Master,Yes,Self-study,Bus,67.16510335562864,Average
16,23.814624754592884,100.0,57.17004228416112,9.394119603299723,5.667302410909786,Male,Some College,Yes,Self-study,Bus,48.98068960542269,Poor
21,6.163359255926835,93.99675783947093,95.30481794538088,7.284567593088288,6.609133557805111,Female,PhD,Yes,Self-study,Car,55.658759130033516,Below Average
21,29.933711677218753,100.0,95.10907627183782,8.35241637185261,6.099697271579366,Female,Some College,Yes,Group,Bus,73.69383210694888,Good
20,36.53635201401104,65.84169301115375,76.43218471931047,4.0,2.4592630150490624,Female,Some College,Yes,Tutor,Walk,63.72844410419953,Average
16,4.440485677034003,61.76830266231682,72.95950629989278,6.356422109728224,10.159538633307756,Female,Some College,Yes,Tutor,Car,36.20075024361941,Poor
17,8.798275591891715,100.0,63.82868541010945,7.277351225393465,2.7280684589661175,Female,High School,Yes,Tutor,Car,46.67819129845502,Poor
21,21.83729971386512,83.09782753145467,77.93123268699492,5.420552382399539,6.944265093981227,Male,High School,Yes,Online,Bus,73.17637106444201,Good
18,15.339352674920528,96.23953626096254,59.63023943474835,7.311474003106138,6.590573922028735,Female,Bachelor,Yes,Tutor,Car,59.25508778793704,Below Average
16,22.08725147065339,74.24068075065883,36.64581953506704,,0.0,Female,Master,Yes,Self-study,Walk,58.658349882039964,Below Average
15,19.426607707540505,100.0,29.288390492633702,4.180659057984967,3.923460749261242,Male,Master,Yes,Self-study,Bus,47.54138163216784,Poor
18,11.809451844087569,,58.0075250025477,5.2163907012942285,5.169885355436511,Female,High School,Yes,Group,Walk,43.642717388049434,Poor
18,30.307250721427916,64.21622370275968,72.34567184377417,7.277219906146278,5.399453634272858,Female,Bachelor,Yes,Self-study,Bus,62.82777292165662,Average
15,23.716132841942795,100.0,74.97957600930225,7.690629594160072,5.904261546550301,Male,High School,Yes,Self-study,Walk,86.06213275166729,Excellent
16,15.522064202173823,45.85237310525649,62.698644872360724,8.107120562364477,7.2729886188199275,Female,High School,Yes,Group,Bus,43.82492573701894,Poor
15,32.04020091728657,90.67853302142375,72.12752750714355,7.166334218331651,4.977453907187666,Female,Bachelor,Yes,Tutor,Walk,67.65116915656087,Average
20,15.932752360849978,83.39011006605135,65.88657464418203,7.692268607523713,6.063852704053832,Female,Bachelor,Yes,Self-study,Car,68.17767983415919,Average
18,10.065275866355732,73.96072121199956,55.01030863524793,8.355221062811022,4.865136239682851,Male,High School,Yes,Tutor,Bus,44.82658156446263,Poor
19,21.468094584701884,82.00090227114447,69.19383236546312,6.37831284734451,1.9479990297356795,Female,High School,Yes,Tutor,Bus,60.4554460429729,Average
19,22.825260985781327,72.28714760365285,82.19435668548473,6.087120870990368,5.097204324109022,Male,PhD,Yes,Group,Car,69.55096716173173,Average
17,24.255335137750766,100.0,55.68907378380517,6.7472400535976975,7.2472695327592085,Female,High School,Yes,Self-study,Bike,59.17893193346644,Below Average
21,25.570809013219897,100.0,55.69593080470453,7.299231913416119,8.326365147426095,Male,Some College,Yes,Self-study,Bus,70.13217186860255,Good
15,24.128997828621525,74.71393619817484,53.96124109071763,6.012589835198023,6.611946972632612,Female,Bachelor,Yes,Tutor,Bus,73.45579989186702,Good
15,23.803949131593395,89.13287316202796,40.95221898237826,6.4093640252901825,9.003050977847899,Male,High School,Yes,Tutor,Car,68.26851788908738,Average
17,15.409969597534682,65.12385293595929,,7.596552655760943,6.256594242226941,Male,High School,Yes,Tutor,Car,53.65061888129657,Below Average
17,14.554045803435569,100.0,80.71129169428797,7.2366261715445725,7.591639465006511,Male,Some College,Yes,Group,Car,62.45781424471634,Average
17,25.938919330072945,100.0,72.60874125750644,6.721994315776363,7.812173447839358,Male,Master,Yes,Self-study,Car,63.54966569053,Average
18,21.947652085599103,80.57106650938465,67.4612367391554,4.388396034906027,4.329948377348793,Male,Bachelor,Yes,Self-study,Bus,46.77227020407729,Poor
20,26.561965915890045,85.25327587629843,71.93597197360253,6.99473801198719,7.178010297703005,Male,Bachelor,Yes,Tutor,Bike,80.414549798975,Excellent
15,6.34178275497921,83.59351825715994,62.66527768856263,5.544994048736436,2.1780653070772575,Female,PhD,Yes,Self-study,Car,60.2807521490337,Average
18,15.99370894065925,60.72313249479586,40.78170044104792,8.47462405780885,6.049437027646591,Female,Master,Yes,Self-study,Bus,39.48526565430211,Poor
17,35.25615121528445,100.0,81.75578172721849,6.536918270082238,6.731077480005359,Male,Some College,Yes,Group,Walk,79.69468768713362,Good
15,24.420265218779523,73.49570141676354,86.06686860676976,5.50565191566622,8.153285362097991,Male,Some College,Yes,Self-study,Car,63.692194206818016,Average
18,22.36440360783322,73.59776091613118,59.07764835898319,6.907685089179927,7.462277911943919,Male,Bachelor,Yes,Self-study,Bus,68.64519792153189,Average
20,25.663394935757395,82.7437021830725,67.73746569090166,8.906049377638286,8.19234255000414,Male,Bachelor,Yes,Group,Car,69.11453182727067,Average
18,37.667604206929454,99.93322878043418,66.44501243409759,7.946223773716929,4.701859009620731,Female,Bachelor,Yes,Self-study,Bus,74.61412868737844,Good
20,35.98439633829622,76.13045177361954,75.26933214136812,7.329875725908901,3.9638205359898575,Male,Bachelor,Yes,Self-study,Car,62.15692377996611,Average
17,7.36383394149925,55.717221678948334,95.34840184939435,5.010857411429716,4.1753037263431505,Female,High School,Yes,Tutor,Walk,49.875192062417526,Poor
20,10.315990727445053,71.69502908905699,87.39686867933958,9.432400149649482,5.798851191345891,Female,Some College,Yes,Tutor,Bus,52.45541024314002,Below Average
15,7.092714755593663,91.36210628618485,64.34628661879157,6.067559238946146,0.0,Male,Some College,Yes,Self-study,Bus,51.79666688005683,Below Average
17,14.023136888477897,100.0,78.13695792250356,8.400675869308515,8.99527091118366,Male,High School,Yes,Tutor,Walk,64.7797616030199,Average
15,20.439354389218057,66.10120050440267,88.81535302859069,6.511955682472878,5.1316200794869244,Female,High School,Yes,Self-study,Bike,54.12456436700583,Below Average
19,21.936121152542373,65.55247348778757,76.12517746592167,8.256261808724858,3.754995252994642,Female,Bachelor,Yes,Group,Car,47.08275829516254,Poor
16,7.756170054501979,62.31106748741776,69.92950893339741,8.96031114381291,0.0,Male,Bachelor,Yes,Tutor,Car,49.941802546256426,Poor
20,5.061185389047125,60.449125130509884,76.69000142000779,,4.889559481465152,Male,Some College,Yes,Tutor,Car,46.02343713182346,Poor
16,13.881668904356395,100.0,59.450927161547895,8.133782439639909,4.404570454772733,Male,Bachelor,Yes,Tutor,Bike,77.07383259000733,Good
16,27.329370124836966,100.0,61.640783138438785,6.852341520766552,2.308860708064235,Female,Bachelor,Yes,Self-study,Walk,55.26704527348476,Below Average
20,28.722903293549166,87.66633840370604,54.03948647198354,6.349050786890784,2.9808594646189635,Female,High School,Yes,Self-study,Bus,67.37582810201972,Average
17,33.64659887470148,77.98430841788715,74.60596774855365,7.207448034678715,4.9200900666645095,Male,Bachelor,Yes,Tutor,Car,66.1442324485292,Average
19,19.741357992599088,100.0,68.02895640966642,6.4901282413461745,3.2352906212369517,Female,Master,Yes,Self-study,Car,83.47427557249861,Excellent
15,26.625227923120843,87.60862062484757,57.653229079778804,10.700805566218738,6.715634198535067,Female,Master,Yes,Self-study,Walk,71.55324299901369,Good
18,28.079159688397283,100.0,67.53730882569242,5.5114625702642295,2.753649234067951,Male,Bachelor,Yes,Tutor,Car,69.57155348678185,Average
15,16.02512773861903,77.25326587417277,77.04997391144755,8.503127824885613,5.463825288562334,Male,Bachelor,Yes,Tutor,Car,57.21787933632707,Below Average
18,23.10275905224373,85.66365781335661,98.72068458996988,7.77579525180852,8.540136106433511,Female,High School,Yes,Tutor,Bike,63.023576576414875,Average
15,25.269641005678032,66.43987531829431,85.18101797055787,7.344808312185907,4.890212412312346,Female,Some College,Yes,Self-study,Bus,63.80965851906043,Average
20,12.726739063319005,94.43873457840377,35.737782137764896,9.21982914987076,6.0679313718792365,Male,High School,No,Tutor,Bus,40.00935079186315,Poor
19,33.13676936885955,87.86406626159973,73.58962700230519,7.447566178901769,5.877954162201795,Male,PhD,Yes,Self-study,Car,56.74164824459269,Below Average
18,19.689501738239787,71.58155151379324,91.43986394069282,6.047639620386377,5.023990698851797,Male,High School,Yes,Self-study,Bus,69.25221868659658,Average
21,20.69628182517338,71.78339275710307,49.93189763184651,7.4375955658801125,4.798978574169469,Male,High School,Yes,Group,Bus,34.91541065014843,Poor
17,12.421268960463006,100.0,78.27338905318636,6.725232596642157,3.285877335650264,Male,Master,Yes,Self-study,Bus,57.15900276903364,Below Average
15,13.764590432979734,100.0,66.45036721703431,,5.453036871673458,Female,Master,No,Self-study,Car,50.24652039579599,Below Average
15,2.427883193343927,81.80296994999019,87.25435796374241,8.219610447444248,4.150197473481598,Female,Master,Yes,Group,Walk,48.34855967946627,Poor
18,20.441247011348896,86.01630359143243,76.06385792520179,5.711368086453896,9.63827050470412,Female,High School,Yes,Self-study,Car,64.70647255040319,Average
17,40.04551367713578,91.00171711972325,56.7397681816119,8.793004177004224,7.433429777329734,Female,High School,Yes,Self-study,Car,83.56554825766428,Excellent
17,11.851044415164102,87.22047637239531,66.9872278256407,6.6176502326973115,0.641612312334962,Male,Some College,No,Self-study,Bus,64.68606570668764,Average
20,43.809575425239785,59.88553419192055,67.87456485928564,7.665420884023268,0.8085260053457675,Male,High School,Yes,Group,Walk,55.428900032347876,Below Average
21,31.31401010089931,91.41806015785579,68.15232677784927,7.925545255481044,4.608620392881905,Male,High School,Yes,Group,Walk,64.09360133987367,Average
20,16.21128975218313,53.68166448099087,86.78894417162894,7.551083035945945,3.8140835676807607,Female,Bachelor,Yes,Tutor,Car,91.91417423251448,Excellent
20,20.21811763855103,74.00973713113571,57.360701179146545,6.836337223521147,4.450418245334224,Female,Master,Yes,Tutor,Bus,51.22794190788175,Below Average
20,18.9191975366805,92.58140719937226,85.04576964491775,6.267103627011004,6.953484381956939,Female,Some College,Yes,Group,Bus,56.01231519766545,Below Average
20,33.64931178718169,93.99991311887256,65.46625486117719,6.596508239044988,5.947207696632071,Male,Bachelor,Yes,Tutor,Bus,62.79549840031202,Average
20,24.136125840943684,72.84890373685765,73.35266659493747,9.347757898793315,5.9168876913744635,Female,Bachelor,Yes,Self-study,Car,59.313722876199364,Below Average
19,29.455792388974515,78.12344589719623,71.0856637942155,5.701200344306411,9.33858399648618,Male,Some College,Yes,Self-study,Walk,60.82056061866719,Average
17,22.865374762890788,76.09245236502319,69.67291992877249,5.921134993055551,0.8333253374807628,Male,Bachelor,Yes,Tutor,Walk,53.48878515066723,Below Average
20,19.104219835243065,83.45733755295895,69.79595748332017,5.855276765284429,5.311816502446698,Male,Some College,Yes,Self-study,Car,57.77996468205896,Below Average
17,22.61138692056571,84.59808480046505,91.86037837406532,7.203630819876498,3.262842356158238,Male,High School,Yes,Online,Walk,64.6687015056699,Average
17,16.74444612902335,95.02702194293666,82.63674887359217,4.712941825018291,9.306307357518055,Male,Bachelor,No,Group,Bike,54.1078642619091,Below Average
16,8.38236765223282,77.24654705665324,64.55926465630105,4.9696602157984096,0.0,Male,High School,Yes,Tutor,Bus,48.94993136432253,Poor
19,26.509508607653206,90.60094287870332,93.74180881183138,6.608567750561113,0.0,Female,PhD,Yes,Group,Bus,68.55195908151029,Average
20,7.990684413255305,92.60523646730788,74.1202161098928,5.068336832052643,5.913908889044152,Male,High School,Yes,Group,Bike,59.546409986855984,Below Average
15,17.849326585638597,87.97434066057798,75.36436388985841,5.190593036075797,8.378889677972442,Male,Bachelor,Yes,Self-study,Bus,43.54516942599271,Poor
18,16.481085699076658,81.10591266325788,57.44021381002913,5.079597385955591,7.31976296395115,Female,Some College,Yes,Tutor,Bike,55.1697897209492,Below Average
21,25.14683144843256,87.7096819641316,62.537520123922896,5.730082436300007,2.597057620046875,Male,High School,Yes,Group,Bike,40.12614183100355,Poor
15,32.51763667946823,96.27610410090364,59.67244738109237,8.096869760005609,9.51926516600474,Female,High School,Yes,Online,Car,70.07921781907842,Good
19,29.639765178405987,97.58777301574469,71.29109297490513,8.433561934181624,1.3055937542173748,Female,Bachelor,Yes,Self-study,Walk,75.57853768987215,Good
18,25.379400151160745,100.0,79.58174619172314,9.878501339827908,8.922452568630034,Female,Master,Yes,Self-study,Walk,84.29509157923633,Excellent
19,14.961026835033744,70.14960645540607,75.5084844913332,9.823542787770219,1.702315248925569,Male,Master,Yes,Self-study,Car,57.505238857816735,Below Average
17,18.53224677122829,78.39988913506896,93.82066234104373,8.17946906482067,3.9445274829883346,Male,Bachelor,Yes,Group,Bus,68.94584258657436,Average
18,17.365810343553456,60.797970095973966,56.683629921831475,8.541516512201547,6.917808613570752,Female,Master,No,Tutor,Bus,47.58238833208596,Poor
17,16.23774842616445,98.96514196491782,71.72303565308323,7.1966531360288775,0.6013765073115049,Male,Bachelor,Yes,Self-study,Bus,54.983020276887515,Below Average
15,16.7803911309853,79.9823874046488,50.75591006052558,7.779797278018403,9.407070192622303,Male,Bachelor,Yes,Group,Car,82.32841403198802,Excellent
15,16.566895719459275,88.0928647304399,56.17193542595107,9.915404572274754,3.926168505796057,Female,Bachelor,Yes,Self-study,Bus,66.09990845111017,Average
18,16.212590458396033,75.93492145830041,88.96867566007695,7.556819302085246,5.411828407034868,Female,Bachelor,Yes,Group,Bus,47.57519095181101,Poor
18,27.61506414422843,,63.05252700292802,8.72985786781786,8.486602367122256,Male,Master,Yes,Tutor,Bus,47.38091943446855,Poor
20,11.56290488907126,100.0,57.94954305909594,5.598472587132234,2.62062396449855,Female,Some College,Yes,Self-study,Walk,49.85266285948566,Poor
19,14.164207181569356,95.41350115728976,38.05034686625579,6.000641913612659,8.182441058766168,Female,Master,Yes,Group,Bike,65.74308454985999,Average
20,7.332746231683904,83.32716913511581,,7.468104396692452,9.92160071267711,Female,Bachelor,Yes,Online,Bike,52.629346763381605,Below Average
19,31.32386242008679,96.51720879214595,66.92079588707531,,3.033263008011263,Male,High School,Yes,Tutor,Car,46.43082046841627,Poor
20,13.627976330739305,96.84850120056811,49.63895560320684,6.070098718892655,9.108163017788883,Male,High School,Yes,Group,Walk,54.99869015532796,Below Average
17,25.286201853777122,79.12861724969898,66.05824916526296,10.611066375896828,0.0,Male,Some College,No,Group,Walk,60.9404959309904,Average
18,23.802550881698455,62.963806590456876,89.05946590987335,7.258891155872299,6.168801184383701,Female,Bachelor,Yes,Self-study,Car,35.959368448894764,Poor
15,30.55070896872617,71.51257559496942,59.39041989507501,6.335912421723007,1.3142044528885741,Male,Master,Yes,Group,Car,57.84097280379022,Below Average
19,18.319866412999247,64.89207094926225,55.849254259450966,7.227428241040945,7.827705645608567,Female,High School,Yes,Tutor,Bus,41.43242159889359,Poor
19,12.419681701712701,100.0,53.14147799702361,7.038140053917452,7.581368145266611,Male,Master,Yes,Group,Bike,39.380441296780376,Poor
15,7.554000193026971,100.0,52.873538612263,,11.23213998677373,Male,Master,Yes,Self-study,Bus,72.83634015150686,Good
20,0.0,100.0,78.03366170332643,4.609424476973451,9.263848948857499,Female,High School,Yes,Self-study,Car,43.503821871389306,Poor
19,21.290825807031222,54.706666765342476,70.73003105324575,8.937920044850298,4.502686407195635,Male,Master,No,Self-study,Car,46.35926427754754,Poor
21,26.203780579911314,100.0,84.35285318913361,9.023244130658725,1.7547575381034788,Female,PhD,Yes,Self-study,Bus,64.18375900304075,Average
17,23.773504841582728,100.0,100.0,9.205481158054729,6.69706123900817,Male,Bachelor,Yes,Self-study,Bus,75.3062553320757,Good
18,7.761885574617537,100.0,42.54413302136278,7.488147637804446,4.81780576884352,Male,Master,Yes,Group,Car,69.4780899355273,Average
15,28.31060916089543,52.731555731939956,75.7011806266266,7.993721590246773,9.653465133787112,Female,PhD,No,Self-study,Bus,47.472366864517774,Poor
18,14.41427177347718,100.0,53.220709983496604,5.700659577989125,0.0,Female,Bachelor,Yes,Self-study,Walk,50.97521956462395,Below Average
21,12.744772046865966,85.62533555697912,81.83348947050176,8.249348992896085,11.56417027786588,Female,Some College,Yes,Group,Car,63.56632321259067,Average
19,14.23494211757453,81.51401340249292,65.92131998389846,7.377681560340909,6.595971822835411,Male,Master,Yes,Self-study,Car,46.93756969484569,Poor
19,20.627271380048615,91.76642944874467,70.4098414129626,6.309390076541137,2.5609636348388833,Male,Bachelor,Yes,Self-study,Car,57.297702780662746,Below Average
21,8.122387427863423,69.2648961614427,50.75233858105288,8.29711703746126,7.201967682255698,Male,Bachelor,Yes,Self-study,Car,52.26361512786925,Below Average
15,19.703712690247055,,63.60359462330249,8.35517355413665,8.89226426386911,Female,Some College,Yes,Self-study,Car,53.90719410127268,Below Average
17,23.435585963069357,100.0,71.3449337666239,7.090913253512399,5.343040673911066,Female,Master,Yes,Group,Car,63.524527958747136,Average
16,28.85859116994892,94.33595305784932,90.34117220210062,7.657573870192604,0.0,Female,High School,Yes,Self-study,Walk,65.75194734904525,Average
15,21.407653257769955,85.87602208154001,58.08159208887169,5.4524244820996595,4.118458890958682,Male,Master,Yes,Tutor,Walk,55.78856669945067,Below Average
16,9.282972014449669,86.34412239891414,61.7396264270453,8.864775155821537,8.118185159126414,Male,Some College,Yes,Online,Walk,57.698867569400015,Below Average
21,21.191121821217788,67.27909025051798,84.16434463273423,5.651780217947647,6.489994202682124,Female,High School,Yes,Tutor,Bus,63.551690725132474,Average
20,11.51793380843104,82.75018162900412,57.10989574451034,5.941861527881236,4.530478907493881,Male,Some College,Yes,Group,Car,69.75012766926662,Average
16,11.056438749064398,60.48556996555349,87.13577715961188,7.093473468145805,8.924947492674306,Female,High School,Yes,Tutor,Bike,25.995626988943602,Poor
17,9.098371171680167,100.0,69.86370137910616,8.671774426327689,7.21791752249689,Male,Bachelor,Yes,Group,Bus,58.59328703662977,Below Average
20,4.7099705608478075,52.21434276286986,74.54684442387764,8.670922949823492,7.449017467815032,Male,Master,Yes,Self-study,Bus,30.705571186483667,Poor
16,15.46269465651684,97.82350569431065,75.51283453764056,6.992763067142304,3.7680959240575964,Female,Master,No,Self-study,Car,57.58488592120309,Below Average
21,29.03110994437526,99.69116351251093,60.75669169890088,8.159520043380716,3.477848954761704,Male,High School,Yes,Tutor,Bus,76.82455118063083,Good
20,38.05187212342034,100.0,75.84830229208593,4.466412326006656,0.0,Male,High School,Yes,Self-study,Bus,83.7007192255654,Excellent
21,15.411318733279247,86.30288744742704,58.4144532352855,5.921020014805671,4.221824732188232,Female,Master,Yes,Self-study,Bike,66.31278960120235,Average
16,28.688844214157243,98.74942699236294,62.4684549385168,5.951574340804599,7.806176161394384,Female,Master,Yes,Tutor,Car,80.54748412711184,Excellent
21,16.84334145410724,82.60380039452176,78.38036449049913,8.878319364639726,4.387720108953239,Male,Bachelor,No,Tutor,Bus,58.416326697726134,Below Average
17,6.79411424441151,67.199543234681,74.40090933462855,7.981981244362012,6.336616539587015,Female,Bachelor,Yes,Self-study,Bike,62.921775437810396,Average
16,25.607538091568617,100.0,68.87552573741428,7.276979163856901,8.33359806995984,Male,Some College,Yes,Group,Bike,85.33907428667645,Excellent
16,21.87851269436453,83.54671255577388,51.11902526105484,7.422602595744061,6.118498975395896,Female,Master,Yes,Self-study,Car,59.04768263179494,Below Average
16,34.54415686368892,63.85733023790209,54.86262565975555,9.352508914045186,6.411544285282406,Male,Bachelor,Yes,Tutor,Bus,73.62811390822291,Good
15,7.722572144137953,77.99777581315327,74.15063565857477,6.7447305002401725,0.9265326138873371,Male,Some College,Yes,Self-study,Walk,49.3592484044533,Poor
15,42.368261666682216,78.59012976147743,80.98210845227673,5.02889903719894,4.032305647694068,Female,Some College,Yes,Self-study,Walk,85.50364479592952,Excellent
15,32.73373858550525,91.92545377186318,53.35531743218864,8.630792776592957,10.179879519489786,Male,Master,Yes,Tutor,Car,68.5545774692366,Average
17,19.856611411505167,100.0,57.40262128821749,7.272758555807592,5.311391543288281,Male,High School,No,Group,Walk,56.015614189098564,Below Average
20,17.610897665611855,92.83627919923848,72.0127776126658,8.430507517248671,10.690214545989724,Female,Some College,Yes,Group,Car,53.99059378299107,Below Average
21,14.273521049051059,88.10265777994788,71.6918179394364,6.932852788920238,2.8306531080831583,Female,Bachelor,Yes,Group,Bus,54.78968709706755,Below Average
19,20.87786111350234,100.0,45.64064186858438,5.74196571444416,5.70184235640362,Male,High School,Yes,Self-study,Car,60.13461959200657,Average
16,18.52851075672817,99.68340309869089,72.42344520159983,7.604232581624465,3.8519646873443953,Female,High School,Yes,Group,Bus,54.31113263856385,Below Average
21,24.11036330864489,88.81373806202393,61.02448284654672,7.015262606112146,6.77595405537366,Female,Master,Yes,Self-study,Walk,60.048180582593815,Average
16,17.645066711853556,77.80882211772858,94.61569944593437,7.277413424311614,7.685026004180362,Male,Master,Yes,Self-study,Car,57.494357646426444,Below Average
17,31.319709531973302,89.74300114306841,73.73797814103484,9.424855741176124,6.807398287102702,Male,Master,Yes,Self-study,Bus,60.95031182153784,Average
16,21.000368249331576,84.00414393860295,76.32210174813855,5.35194628392295,8.125556431244087,Female,Master,Yes,Group,Car,71.94746454856788,Good
15,17.945463776594142,86.37151191338495,76.71038953285917,7.428877990713974,4.96048103443302,Female,Bachelor,Yes,Online,Bus,72.81081795374647,Good
19,28.19429265423512,100.0,51.79108929021154,5.771504964761985,4.428414897008965,Female,Master,Yes,Online,Bus,74.61291515264594,Good
18,7.019810958417983,76.89516725293768,99.15815339662905,4.0,0.0,Male,Some College,Yes,Group,Car,49.60384285737626,Poor
16,22.72790681821707,92.70311062245271,45.6563312882324,6.926552216466664,6.915352805493694,Male,Bachelor,No,Self-study,Bus,59.58491873119621,Below Average
21,20.204570691275467,99.23409984756391,81.93554712549613,7.0465344054997106,5.51655227672047,Male,PhD,No,Group,Walk,56.278736379683494,Below Average
15,8.713195756753738,75.06831224763386,79.27995906220974,7.935283154426138,4.796255787312401,Male,Some College,No,Tutor,Bus,56.76159574887571,Below Average
18,6.3319737634519395,72.66067876766348,62.8449643013056,6.673688877124085,4.427547783636964,Male,Some College,Yes,Self-study,Car,47.637879099909426,Poor
19,28.08276002353262,82.74487116128644,79.99675475070083,4.766499467314042,4.88936131596863,Male,Bachelor,Yes,Online,Walk,92.52870582531517,Excellent
18,27.70232552280555,78.07555614615309,65.23640201764393,5.766352634117705,4.291291605506249,Male,High School,Yes,Self-study,Car,70.91330584573335,Good
15,21.380467437074874,100.0,59.868078327163325,8.975438255030056,3.4158984843100866,Female,High School,No,Online,Car,67.14182651473288,Average
20,33.73326221163779,69.97347582153019,77.0433875402939,5.745058106064053,5.718766642172506,Female,Master,Yes,Tutor,Bike,63.87151621437357,Average
20,23.52774545489015,86.02707052793005,54.90158513368147,9.37483829453876,6.452477356798858,Male,PhD,Yes,Tutor,Bus,71.95675475267004,Good
18,29.99844255528972,100.0,66.63617261863645,8.574976438857075,2.6882962568414577,Male,Some College,Yes,Self-study,Bus,60.658875180564195,Average
17,23.362596697476164,91.19584800679274,61.087348769050635,6.523329093495896,3.7977932924378273,Male,High School,Yes,Self-study,Car,72.32516451860613,Good
21,17.793523475184067,93.68935216457328,64.96030735640582,5.906381255345952,4.386134746205395,Female,High School,Yes,Self-study,Bus,48.01859795594825,Poor
21,11.539749988533261,100.0,76.49092898695277,8.571869453695868,5.014439922130355,Male,Master,Yes,Self-study,Bike,56.25724172417493,Below Average
18,15.172509960777898,78.05576401861961,61.08450441480691,6.63863313235957,4.615443591242698,Female,Bachelor,Yes,Self-study,Bus,34.19525714355707,Poor
16,17.943021830022253,68.77870556881894,67.11514130391453,4.681524790450062,6.979163598969182,Female,Some College,Yes,Group,Walk,58.35406771812583,Below Average
16,30.90522481685364,87.64766914244117,,7.843474930934887,0.04289895288857215,Female,Bachelor,Yes,Group,Walk,66.38496872532838,Average
21,26.159356468237306,88.98105742522806,91.65994998361819,7.625895171787279,0.5748884049796492,Female,Some College,Yes,Group,Bus,61.749447703220085,Average
21,22.64255254594093,60.72683807930258,75.13918597320836,8.706559304072167,5.580708197760733,Female,Bachelor,Yes,Group,Car,47.585852421845985,Poor
20,26.960079260512597,90.62607872024167,73.30104449450079,7.524392499040446,3.1919424565166343,Male,Master,Yes,Self-study,Bus,79.67760064907291,Good
17,24.21906972553986,100.0,80.25127756935136,6.176279534431424,7.6527269173214325,Male,Bachelor,Yes,Online,Car,68.21892104384939,Average
15,22.095500888854612,71.30577890463987,61.0879813483767,8.9045182594032,8.509402857765652,Female,Bachelor,Yes,Self-study,Bus,50.86881004089313,Below Average
16,8.010724787944362,91.5333377256222,82.88885837499761,9.050485649018265,5.701241529268731,Male,Some College,No,Group,Bike,78.4562296404493,Good
21,29.113260582893414,98.383954905552,75.19266618749113,7.349808945977811,1.7840752511774625,Female,Bachelor,Yes,Group,Bike,62.467925281386314,Average
20,16.33190521978819,93.8001731279512,46.58663645868902,7.090482871799458,8.163780548681178,Female,Bachelor,No,Tutor,Bus,68.63331907737407,Average
19,28.708322220980357,95.21509358112336,48.57953750348853,5.015093465342343,5.5967079864509826,Male,High School,No,Self-study,Bus,50.97312181519464,Below Average
20,29.481682332087118,81.32799637290549,61.41554420823901,6.088710486480286,0.5391920824186471,Male,Bachelor,Yes,Group,Walk,56.164576297311555,Below Average
16,14.639686451557226,68.08743493389106,50.18490256202245,8.141154462939031,0.8044410558044472,Male,Some College,Yes,Group,Bus,51.456451031014765,Below Average
16,27.5977286447675,78.2928030642413,66.42582308950625,6.164079549455949,9.550840369125934,Male,Master,Yes,Self-study,Walk,62.66542637043682,Average
20,17.112100165952814,76.20914347194062,54.79393012876204,4.814743195910016,9.053407739783689,Male,Some College,Yes,Group,Car,55.06540924852033,Below Average
15,17.159741378826205,83.7961143068868,68.53415420393623,12.0,0.0,Female,PhD,Yes,Online,Bus,53.75316149990896,Below Average
18,22.059785876661262,100.0,91.17564063897184,4.804891062359967,0.9266273142263697,Male,High School,Yes,Online,Walk,49.960427677208344,Poor
16,22.275780713356323,65.32239807753747,69.25934644665722,10.385127094651176,8.422566486864966,Male,Master,Yes,Self-study,Car,74.33537680656205,Good
20,20.308412122807134,87.16375034226087,65.45553317647106,6.53886483310261,4.944522234820855,Male,Bachelor,Yes,Self-study,Bike,54.568310382912,Below Average
